text,label,notes
He got boooed harder than the refs. That's saying something.,reaction,
I feel like the last big thing missing from strategic analytics is variance. When you’re up so big you should be taking the lowest variance possessions you possibly can. It’s the direct opposite of “chuck 3s if you’re down big” but it doesn’t seem to be as intuitive.   Probably because everyone is drilled these days that dribbling the air out of the ball then taking a middy is a terrible possession. Yet Spurs probably would’ve won if they just did that all of q4.,analysis,
"**Replays/alternate angles**   *I am a bot, and this action was performed automatically. Please [contact the moderators of this subreddit](/message/compose/?to=/r/nba) if you have any questions or concerns.*",hot_take,
"One of the more annoying things on reddit is people not believing that NYC hates Donald.  Not this thread, just overall.  Reddit saying oh y'all are just saying that now...No, people were literally crying over his first win out here. Truly upset this shitbag won.  The second time we just realized fuck it, we're doing it again. Sure, why not vote in that fucking fecal matter you moronic country.",analysis,
"They are.   They blame their abysmal shooting to the refs. They are crying and saying the refs ""killed their momentum and rhythm"" LMAO.   Idiots, they were shooting poorly since the opening tip.",hot_take,
"absolutely not. he has under 50% TS% lmao.   og is averaging 24 points, 4 rebounds, 1 steal, 1.5 blocks on 58/56/92 shooting (78.4% TS%) while being the best defender on the team, making the winning plays, and hitting big shots.   truthfully, if brunson wasn't a made name i don't think he'd even be in the conversation for finals mvp.",analysis,
"As a Spurs fan and NBA fan I will never not love Mike Breen but you could hear the fandom bleeding through all night tonight from his disgust at the first half blow out, how upset he was at how things were going, through his jubilation at the comeback and win. He is a pro and always tried to keep it so but he is a human and I’m happy for him as hurt as I am.",analysis,
"It’s very clearly what the league wants the refs to do, if the NBA wanted to endorse their own flopping rules, they would use the replay center or actually call the techs for flops. They put the rules in to make it look like they care but they don’t. Very similar to how the NFL let coaches challenge DPI for a year but literally never reversed their calls, even when it obviously wasn’t.   Before people tell me “why would they want OKC to win, it’s a small market team”, I don’t know and don’t care, that’s the NBAs motives not mine, but it’s clearly happening and it’s plain to see.",analysis,
"He always acts like he's too cool for the room, but plays the game like a baby back bitch. The league shouldn't be suprised the fans hate his ass.",hot_take,
quick somebody kiss me,reaction,
The people who voted for him in NYC were mostly working class. Upper middle class+ NYers mostly hate him. I saw a local middle eastern bodega with a Trump sign. I see contractor trucks and construction worker hats with back the blue flags. I see multi-million dollar brownstones in Park Slope with pride flags.,analysis,
Ruining the game that gave him everything.,reaction,
Why do people think there is major overlap between the rich people who like Trump and the rich people in New York who can afford to go to a knicks game?   Plus most of the people I know who actually like trump are poor as shit. If anything most of the knicks fans who would have cheered got priced out of this game.,analysis,
"I was like ‘Do it! Do it!’. Fuck dem unspoken rules bullshit, especially when against this wack ass OKC excuse of a team.",hot_take,
"extremely easy solution would be to have the replay center watch a replay of every shooting foul  if it’s an *obvious* flop before the first free throw is shot, it’s reversed to a technical",hot_take,
I do think this game (again) illustrated how important KAT is; Spurs don't get that lead without his foul trouble imo,hot_take,
"The one in the corner in the fourth where he sees wemby coming, holds it, watches him jump, waits for him to start falling and then shoot was just fucking ice cold.",hot_take,
"They don't hate him, he is Like them. They hate how tacky and loud he is about his crimes.  Like in Goodfellas, after the heist, Jimmy scolded Carbone for the Cadillac and fur, when they were supposed be lowkey. Trump is that. The loud goof that ruins the program. He's only accepted/ ""tolerated"" because of the work his dad put in..  If he was a ""bloomberg"" type they wouldn't have an issue.",analysis,
"Oh please. I give it like two years before y'all are calling Wemby French basketball Hitler. He's gonna win one ring, people will unironically start calling him goat incredibly prematurely, and then people will start nitpicking his game and the way he acts.",hot_take,
Loan him to NO for a year,reaction,
Fuck SGA hes not even top 500 all time,reaction,
Captain Bone SPURS. The Knicks got cursed by this pedophile tonight,reaction,
"He should ask to get traded east, we can swap him for PG13",reaction,
"I disagree. As a neutral who didn’t even consider Breen’s fandom until reading these comments, I thought his reactions throughout the game were just matching what was happening in the court. The home team was historically being dominated in the first part of the game, and his tone matched what was going on in the building. Then as a historic comeback and a legendary play like in this clip happened, he became more and more excited just like us watching at home. (Well, the non-Spurs fans anyway.)  I don’t think it was bias. I think it was just legitimately insane things unfolding in front of him.",analysis,
*but then the social media algorithm might demonetize them!!!*,reaction,
"Yeah it was super clear to me. Crowd cheering Broadway guy killing it singing the anthem, crowd BOOing Trump on screen loudly, crowd cheering Broadway guy on even more loudly after Trump's dumb face was off the screen...",hot_take,
&gt; Sorry I don't know how to make it look pretty      [You put your words in brackets like this.](Then put the link address in parentheses like this)  [Example](https://en.wikipedia.org/wiki/Narcissus_\(plant\)#/media/File:Narcissi_Encylopaedia_Londinensis.jpg),hot_take,
"Kinda confirmation biased take. This team of random rookies don't get to the finals with some random ass coach. And his coaching can only do so much to stop Wemby or Fox from making boneheaded decisions on the court.   His gameplan has let this team successfully choke Brunson who never struggled nearly this much in the east. Like the previous 3 series the offense felt so easy, now I haven't seen JB take an open shot this whole time.",analysis,
Bruh trust me he will be finals mvp. Nice counting stats + star player + numerous clutch plays all series = Finals mvp. You're over thinking this with your analytics.,analysis,
Honest question.  Is the president supposed to salute during the national anthem or is it supposed to be hand over heart like the rest of us?,hot_take,
"Holy recency bias, esp from a Cavs flair  And you say must win but it’s 2-2 if they lost, far from other scenarios like the Cavs 3-1 comeback",hot_take,
No neutral fan has any reason to rep SGA,reaction,
He needs to hit the gym,reaction,
Lol. Nothing funnier than Trump being there was they lose. Incredible,reaction,
"He wants so bad to be as beloved as Obama was, and now he is as hated as Obama was loved. The irony here is crazy",hot_take,
they for sure intentionally showed him during the anthem because they hoped people would be reluctant to boo during the anthem,hot_take,
"That's not true. Our biggest weakness is that we have absolutely no offensive scheme besides ""be better"". We don't do long ball movement chains, we don't really use pick and rolls much. We just rely on one of our guys being able to get into space and then kick it out. Once we stall out we have absolutely nothing to restart our engines, as you saw tonight (and have seen repeatedly throughout the playoffs).",analysis,
... You thought they wouldnt show the President? In an American sports league?,reaction,
I haven’t seen America coming together to hate one man like this since Bin Laden. Shai is destroying my childhood favorite sport to watch.,hot_take,
He acts like Gary from Pokemon,reaction,
"Everyone needs to get paid and owners dont want to pay $500M in luxury tax and suddenly J-dub is on the Nets and Caruso is old with permanent hamstring problems. Or Castle blows his knee out landing on a dunk and suddenly the Spurs have no one to guard Ant or SGA.  These things happen. See Tatum's leg, MPJ/Gordon/Murray injuries for Denver, Russ' meniscus and Harden's contract for the Thunder in 2011. There's always things that can happen.   Hell, GSW would have lost to Houston and Harden if they didn't add KD to their 72 win team (Something that cannot happen under the current CBA). Dynasties are very difficult",analysis,
They hated him first lol,reaction,
"Exhausting watching Mikal and KAT shy away from shots, Mike Brown failing to scheme to get dumpoff passes to Shamet for catch and shoot 3s, and Brunson switching onto Wemby constantly. OG gonna win FMVP, Knicks have been excellent this playoffs but OG is the only one that makes the right play every single time he touches the ball",analysis,
He's a civilian and shouldn't even be fucking saluting.   You put your hand over your heart or you stand there.,hot_take,
New Yorkers hated his ass long before the rest of the country caught on lol,reaction,
"Here to add to the OG hype. He lives in our neighborhood in the off-season and is the most genuinely nice, humble, soft spoken, intelligent young man in the world.  Plays with the kids in the neighborhood in their driveways. Just all around great guy.Thrilled to see him have all this well-deserved success and praise. Definitely a role model on and off the court.",analysis,
"If they played attractive, basketball and respected the game, it wouldn’t be bad.  However, they’re negatively impacting the NBA as an entertainment product.  From a business standpoint, I don’t understand why OKC are protected so much.  Just enforce respect for the rules of the game. This would bring about improvement for the NBA as a “media franchise”.",analysis,
The funny thing is when OKC complains every time they get a foul called on them.,reaction,
"Yeah, I actually couldn't believe he passed it out. I really thought he was going to pull the savvy move and foul Wemby out there. Which would've been infuriating and I would hate him for it but I would get it, he's got to do it to win. But, it seemed like SGA was completely spent from carrying the team offensively all night until Wallace went berserk.",analysis,
"They played against each other in the FIBA U19 World Cup, Wemby had a much better game but fouled out, USA won, and Chet got the MVP. I think it's been on sight since then",hot_take,
"They are a dynasty. We are saying people at the time were hesitant. It’s clear in hindsight they were indeed a dynasty. As someone in my early 20s back then I will tell you they never were thought of as a dynasty especially Considering the lakers who went 2/3 titles from 08-2010 including a repeat, after the three peat from 2000-2002",analysis,
NYC....hold my 40oz I got this.  Edit : fuck trump  My Mayor is Muslim My Bagels are Jewish  My Christian is Dior Knicks in 4,hot_take,
"It is always funny to look at the electoral map because with a few exceptions, the places that love him the most in NYC are filled with people he absolutely despises.   [https://projects.thecity.nyc/election-results-voter-turnout-Harris-Trump-map/](https://projects.thecity.nyc/election-results-voter-turnout-Harris-Trump-map/)",analysis,
it was getting so bad the nba 2k computer would've called an auto-timeout for the Spurs,reaction,
"It's hilarious because the boos were, to appropriate a Trumpism, too big to rig. Even with them clearly modifying the audio and mixing in a tiny amount of cheers, they didn't have the capability to filter it out enough probably because the boos were so loud that the only way to cut them out would be to completely mute the singer's microphone.",analysis,
FUCK YOU FLOPPERS EVERYONE GET IN HERE,reaction,
"so many insane mistakes  not calling a time out during either 13 pt run  d'aron fox could've dribbled the ball out and won the game, or had 2fts and the knicks like 1 second  after shooting &lt;10% at 3PT during the second half, didn't stop chucking 3s     like... if you did any of those things in the nba 2k tutorial the AI would correct you and not let you pass.",analysis,
"I dare republicans try spin this as him being cheered, I fuckin fare them 😂  Edit: downvote me all you want GOP, you guys are the most delusional people on this earth",hot_take,
"I don't want to hear OKC injury excuses in this series, because as far as I'm concerned the injuries canceled each other out. Fox and Harper were both injured and missed playing time, too.",hot_take,
"Don’t let any of my fellow Knicks fans say this but if we won a championship, even with Reggie and Tyrese owning us for years, I would not have hated Indiana winning a championship after we did. I would have felt that way in 1995 and 2000. The problem is we both get killed against the Rockets and then lost as the new millennium was starting.   Come to think of it, the Knicks and Pacers both have had weird histories with their Finals appearances and championships wins",analysis,
"His approval rating bottomed out but it will never get lower than it is now. It's just his cult. They'll never drop support for him, ever.    It's more that NYC hates and loathes him and has for decades. They know him better than the rest of the country.",analysis,
Shades of Ben Simmons in that 2019 ECF against the Raptors,reaction,
No they will just say nba fans hate America,reaction,
No other explanation Mitch Johnson has a severe learning disability,reaction,
"Unironically yes. People keep saying “why doesn’t the NBA fix this???” The answer is exactly what Tim Donaghy said years ago, which is that fouls are the lever by which the league controls the game. You can use them to manufacture outcomes you want and given the NBA is a contact sport, there’s enough legit contact so it’s pretty easy to get away with calling some things but not others.  The NBA could stop this nonsense tomorrow. But Adam Silver loves high scoring stat lines regardless of how they’re achieved, as well as the ability to lengthen a series.",analysis,
It's so good Scott Foster just called a foul on you for replying,reaction,
"Can also explain why he likes Zohran so much, it’s like the only member of the NY elite that’s been “nice” to him",hot_take,
"Yeah, we hate them so much that we elect them President. Take that, pedos!",reaction,
vasell legit hate the team more than wemby,reaction,
No it’s not normal just like everything else he does,reaction,
"Watching the replay in slow motion is so embarrassing with his very practiced fall to the ground.   I watched Shaq put his balls in David Robinson’s face over and over again when I was 11 years old. Shit was the most dejected I’ve ever felt as a sports fan, and I’d still choose that 100 times over losing to this clown. Fucking gross.",analysis,
Knicks should’ve swept biased NBA fouls,reaction,
It sounds like they tried to edit cheers over the boos?  Audio sounds really weird for me. Oscillating? Vibrato?,hot_take,
"Ehh, if you count Bedford, Scarsdale, and Greenwhich as part of NYC..",reaction,
If the spurs were led by completely different franchise players I’d understand. But Tim Duncan and pop were a big part of all those titles. And eventually a core of manu and Parker there for the remaining few.   IMO dynasty doesn’t need to have back to back titles to win it. I certainly didn’t consider the 09-10 lakers to be a dynasty despite the back to back.,analysis,
"I think a lot of people still like Drake, I remember watching someone ask NBA players who they like more Drake or Kendrick, and like 8/10 said Drake",hot_take,
Hey!!!!   ... you're not wrong,reaction,
"People are calling for him to be fired by next year lol. Just pure overreactions after every game. All extremes, no opinions in the middle.",hot_take,
They rationalize it by saying “of course those dumb fuck liberals who live in one of the biggest hell hole cities in the world would continue to vote for the same thing”,hot_take,
"It's not even about the FTs. It's about the way he gets defended because he can't get touched without hooking the defender's arm creating a shooting foul out of nothing, which leads to the most effective push off in the league because it doesn't get called an offensive foul when the defender isn't up tight on you (because he's afraid of the whistle)",analysis,
his 3s were huge in digging them out of that deficit too,reaction,
Especially when you've never been in the military....or should I say lied to get out of the military?,hot_take,
"Cause he thinks it makes him look tough and ""military"" which distracts from his never having served and establishes him alongside the military in the minds of his supporters.  If his supporters were smart, it wouldn't work, but they're not so it does.",hot_take,
"In his position i'd be fucking amazingly happy, cheer when the turd is off screen and insane boos when he's on screen. Unless he was a trumper (which i'm very much assuming he's not) then he probably thinks it's fucking hilarious and deserved. If anything he was probably upset to find out that his performance was being spoiled by trump attending.",analysis,
"As a Knicks fan, the spurs will be a problem for many years to come. They just lack that experience in these kinds of situations, led by the coach. These guys are extremely talented, champaigne, Harper, castle, vassell. Wemby is in a category of his own, they will win championships. It just seems like they have ran into a more experienced and well rounded team who just never gives up. Knicks still have to close out the series, but this will go down as the greatest Knicks team and playoff run of all time in team history. And for sure one of the greatest playoff runs in nba history. They’ve won by 40-50, and been down by 29 and won by 1. I don’t know what else to say. Just a magical season if they win it all.",analysis,
Straight out of the Quran!   /s,reaction,
"Looked more like a desperate smile... Like when you're getting embarrassed as hell so you smile, so you don't cry 😂 deep down he's an extremely insecure bitch, that knows that every respectable / decent person hates his guts",hot_take,
MSG requested a statue between 18’ and 25’ tall. We approved a permit for 25’ in order to make sure that this moment got the proper level of recognition that it deserves. MSG then decided not to do the statue. We now plan to build the statue in Central Park where all Knicks fans can appreciate it. Knicks in five!,analysis,
"Bro the ref is 5 feet away, like lmao",reaction,
Probably was intentional to use the national anthem singer as a meat shield of sorts to soften the boos.,hot_take,
He can’t. Thunder fans told me he falls to protect his legs.,reaction,
You may have taken him out of Sacramento but you can’t take the Sacramento out of him,reaction,
"Such a great season for Shai, MVP *and* Oscar for Best Actor",reaction,
"Knowing his father, she probably wouldn't have a say in the matter regardless.",reaction,
He will never be in the “legendary” category with this type of bs playing. His “accomplishments” will essentially be laughable when generations to follow will see all of it and always think of the flops. He will be a laughing stock that will never make it to greatness no matter how much league execs want to push the narrative,analysis,
We won 5 titles and people still were hesitant to call the spurs a dynasty. Now everyone gets flirted with it after just one,hot_take,
I bet it's not too hard to make SGA fall to his knees in a Walmart,reaction,
Counter-Terrorists win,reaction,
Just land on your feet bro.,reaction,
Same thing when he goes to any game. They put him on the anthem or in between veterans being highlighted and other tricks. Still boos and deservingly so.   Trump media manipulators put it in an area that people otherwise would cheer or respect it but when Trump is there he knows he sucks and has to do this. Benedict Donald spoils it because he's the worst president in the history of the US and will be for for another 250 years probably and hopefully.,analysis,
"The NFL doesn’t need to as much though because they are a behemoth and people love the game of football so much, they’ll watch even if their team isn’t playing. They benefit from scarcity. They set viewership records year after year basically regardless of who is good and who isn’t.           The NFL will break viewership records for the next superbowl, even if Green Bay and Buffalo are the matchup. Market size doesn’t really affect them, nor do they live and die by super stars.           Additionally, the NFL meta constantly changes. The game is not “solved” like basketball is where there is one clear winning play style (3s, FTs, layups). And if it were, the NFL isn’t afraid to change the rules (kickoffs, extra points).        It’s very clear that the other big sports leagues still care about the sport itself, while Adam Silver views the actual sport of basketball as secondary to being an “entertainment product” to be consumed.           I think this will genuinely hurt the NBA in the long run, even if short term gains might be good. I believe they’re basically mortgaging the future to try to build interest/fan engagement now.",analysis,
"yup, and you know what, I bet this loser doesn't even stay for the full game or bother watching much of it, he just wanted to show up at MSG during a finals for the attention and his ego.",hot_take,
"As Lebron said, they simply have more talent.",reaction,
I know he’s a great announcer and stays unbiased for the most part but you can hear the joy in Mike Breens voice during this whole comeback and I love that for him,hot_take,
"Kept jacking up 3s when they should've gone to the paint with Wemby. This is on Wemby too, he's gotta be more aggressive",hot_take,
They had like ten chances to prevent this,reaction,
"THAT’S what I was thinking after my 69th watch of this clip, I think he really drew up 2 chances, 1 for brunson and one for og in-case. But we might be delulu ngl 😬",hot_take,
Why it should be replaced with the Int'l Players Anthem,reaction,
Defensive legend Trae Young,reaction,
People got too used to the dominant teams . The heat for 4 years. The cavs vs warriors where the meme was we'd be seeing them forever.  If you look back to the early 2000s though youll see the gaps that great players and teams had especially the Spurs. There's always time. Hell LeBron didnt win till his 7th year.,analysis,
"Sucks for the performer. To be able to sing in the NBA Finals, in one of the most iconic arenas/stadium, and have your performance get drowned out by boos due to one of the most vile human beings being there… just awful for that performer.",hot_take,
They tried to hide him behind the national anthem fucking cowards,reaction,
"He learned even more how to do that by being part of The Apprentice, it sounds weird but if you watch how some of the most noteworthy contestants behaved on that show Trump has used some of their tactics.  That reality show beyond making him more popular was a big help to how he would run for President years later.",analysis,
"If Knicks lost 2n, the hart layup and missed box out would be huge talking points.",reaction,
i was there. thats not all the way muted but is definitely mixed down. the boos completely drowned out the song.,hot_take,
"Respectfully Kyrie’s shot was just an off the dribble three in a tie game with a full minute to go - that’s nowhere near the level of a flying tip in of that difficulty while down 1 with 1.2 seconds left to cap off the biggest comeback in NBA finals history.  Ray Allen I’ll give though, down 3 with 5 seconds left in an elimination game while backing away from the hoop - that thing’s almost untouchable.",analysis,
Booed? No. He should be [redacted] until his [redacted] all over the [redacted] and [redacted] with a pineapple.,hot_take,
"The republicans that feel any shame. Even if they feel shame, most of them are going to vote red solely to not vote blue. I just feel like the idea of “maybe they won’t vote because it’s this bad” is a bad one to even ponder because that felt like the consensus in 2024 and boy that didn’t work out in America’s favor",analysis,
I think Brunson is still MVP because of his counting stats and late game heroics all series.,analysis,
"&gt; I watched Shaq put his balls in David Robinson’s face over and over again when I was 11 years old.  As a Knicks fan, my favorite example of this is when he did it to Chris Dudley. Dudley got so pissed off he threw the ball at Shaq as Shaq ran up court. Dudley couldn't hit a free throw to save his life but he fired a perfect strike into Shaq's back from 40' away.",analysis,
And he knew Wemby was still way out there and had to run to the basket to get a rebound.  But that was still a miracle put back,hot_take,
"A normal person would, not him though. He’s fucking mastered the art of falling on his ass",reaction,
"I decided to look this up because I'm crazy. In 2016, he got 9.7% in Manhattan, 9.5% in the Bronx, 17.5% in Brookyln, and 21.8% in Queens. In 2020, he got 12.2%, 15.9%, 22.1%, and 26.9% in Manhattan, the Bronx, Brookyln, and Queens. In 2024, he got 17.2%, 27%, 27.4%, and 37% in Manhattan, the Bronx, Brookyln, and Queens.  So, his percentages actually improved every election. The total number of votes also increased so it wasn't a lower turnout.",analysis,
In Hartenstein + Chet minutes the Spurs would typically put a way smaller defender on Chet and he never took advantage.,hot_take,
Its pretty much the OKC blueprint. Chet with his dramatic performances covering his face as if he was shot,hot_take,
why did the broadcast suppress the boos? what's the point of the censorship?,reaction,
"Yup. I think his actual claim was he had the tallest building in that area of manhattan, but that also wasn't true.   He's just genuinely such a piece of shit that he got happy about his building being taller and then even still not the tallest felt the need to lie about that and brag.  He saw thousands of people die and went wow, that worked out good for me.",analysis,
Maybe they should've just given him the HBOMax,reaction,
"The people who sing anthems at these kind of profile events have typically done it before. I do sound for an nfl team and have seen some of the same faces quite a few times over the years. My point is while sure maybe this meant a lot to them, they’re professional af at this level and were most likely (like 99.some percent likely) aware they were going to cut to Trump during the performance and would of been told at rehearsal.",analysis,
"Kind of fucked up ain't it, went from ""the sky is the limit"", to ""you can own nothing, and we elect felons intentionally""...",hot_take,
NY and NJ have hated him way before he even ran for president in 2016. We all have friends and family that have been ripped off by him.,hot_take,
They have to brainstorm on it a bit first in the Thunder subreddit so they can all agree how to gaslight the rest of us this time,hot_take,
"Absolute nonsense, both you and the commenter above you. I can only assign it to either cope and letting emotions take over or just not knowing ball at all  Spurs set soooo many screens, especially 1) trying to get Brunson to defend Fox or other Spurs guards 2) to get Wemby on a smaller player and throw him a high ball as close as possible to the rim  That 2nd option is exhausting for Wemby, Knicks did some great blitzing to make that pass to Wemby as hard as possible for Spurs guards. OG did some insane help job. Spurs shots just stopped falling all around. But saying Spurs didn’t try things that they clearly tried is just delusional",analysis,
"The opposite of what JR Smith did in 2018, two sides of the same coin",reaction,
When they replayed it he even said that wasn’t a foul,reaction,
"This version of America?   Yeah, we hate it, and rightfully so.",reaction,
ARSENAL LOST  OKC LOST  HARAMBALL IS DEAD,reaction,
"Imagine booing, let alone being booed, during the National Anthem.  I hope this gets played on loop on the News media every day of the tournament.",hot_take,
To me its like a dumbass southerner trying to spell gorgeous but cant,reaction,
"You have to give the NBA credit for putting on display what is really happening to humanity. Maybe not intentionally, but no other medium comes even close to making it obvious to everyone.",hot_take,
"The current Head of Referee Operations is a well known OKC homer, promoted to this role at the start of the 2024 season. It's very obvious what happened here lol",hot_take,
yep it sure is weird that people care about the fascist con artist who weaseled his way into being the most powerful person in the united states and possibly the world,hot_take,
Lmao okay this needs more likes,reaction,
Fuck Trump! During the national anthem was perfect timing.,reaction,
Also his personality is super boring. The fact he does this just makes his personality seem even more unlikable. Impossible to take someone who plays like this seriously. He reminds me of the kids who would cheat and rule shark when playing against children in Yugioh even when they had thousand dollar decks,analysis,
Anyone still supporting him does not live in reality,reaction,
"7 free throws in a row on 3 trips down the floor was diabolical. When SGA pumped faked, jumped into the player, missed the player, but fell anyway and got the foul, the OKC fans stood and clapped. Some serious pathetic shit. People used to cheer for Jordan flying through the air dunking on people, but this is their version of that lol",analysis,
"It wont affect the cultists, but there are a lot of people who voted for the guy that are too scared and embarrassed to admit it.    Stuff like this happening could keep them from showing up at the midterms. My uncle, for example, just recently left the Republican Party.    I totally understand what you're saying, but we can't let our apathy blind us to the fact that there are still small gains to be made on the margins.",analysis,
"Last year they said OKC would be in the finals for the next 3-6 years. Couldn’t make it.  Same was said about Boston the year before. And Denver before.  People think just cause they did it once, they’d do it always.  Unless you were GSW or a Prime Lebron lead team, it hasn’t happened.  And if Knicks win this year, you’ll hear the same BS all year about “who’s going to beat them the next 3 years” only for them to be packed by someone 2nd round",analysis,
"While ticket prices were a joke, the crowd is still overwhelmingly educated professionals. Key word being educated, which heavily skew Democrat for obvious reasons. People need to realise the doctor or financial analyst making a comfortable 6 figures are still orders of magnitude closer to someone struggling making ends meet than they are to the billionaire class",analysis,
"I think Brunson knew he wasnt getting a good shot double teamed and wanted to give his team a chance to rebound. If he waited longer he still would have a contested three, but no shot at a rebound.",hot_take,
They know what they’re doing. If they were playing on pavement how many times do you think they hit the floor on “fouls” like that,hot_take,
"I thought Canada loved that mfer, bruh still cant get top 10 jersey sales? lmao",reaction,
100% they're going to ask Dolan for the footage and facial data and Dolan will turn it all over.,reaction,
"Yeah, all the in arena videos are sounding much different than the broadcast",reaction,
Wemby was put in purely for him to just stand around and intimidate the shit out of them despite having 5 fouls and it worked. Hilarious,hot_take,
What a pathetic group of insecure men America has produced. They need their own applause tracks wherever they go for their feel feels!,hot_take,
"Wish more would realize the state of our media.  Fox always complaining about mainstream media...when it's literally the number one news source in our country.  It's like when Donald Rapist administration complains about the government, when they are literally in charge of everything.  The victim card is always being played by the cult. And it works.",analysis,
"And he doesnt care one iota about any of them. He's beholden to himself, maybe 1 or 2 of his kids, and his donors. That's it.",hot_take,
"Luka legit balling outta his fucking mind whenever he can. And yeah, he definitely bitches and moans for the foul akin to a European soccer players for frivolous and-1s but thunder fans will legit tell me that Luka does this exact same shit. It’s absolutely not the same when you’re not even trying to ball anymore. Just launch your fuckin body and get free throws. SGA is a clown ass merchant.",analysis,
Alright I agree with Shaq this is some weak ass shit,reaction,
"I really, really appreciated learning that chinese grizzlies fans called the grizzlies trio of David Roddy, Ziaire Williams, and Jake Laravia the ""three trash forwards"", or more literally ""the three wastes on the front line"".  Fucking savage.",hot_take,
"no disrespect to the Knicks but I don't think anyone's going to say that about them even if they win. They've earned their spot to get here but they had the sixth best record in the league this year, they're less likely to make it back to the finals than the Spurs [but yeah it's no guarantee the Spurs are making it back either].",analysis,
That’s the thing: NYs elite hates Trump. They see him for what he is: a slimy con artist snake oil salesman. That’s why he’s hates NY…cause he was never accepted into the elite class here like he wishes he was.,hot_take,
"The people should be booing dolan. He questioning why American are rooting for Trump and the republicans to fail. We don’t want to presidency to fail.  We are voicing our opinions on what is right and wrong. Trump is failing because is trying to shred the constitution so he can exact revenge on those who dear to not agree with him and to enrich himself and his friends. Dolan, shame on you. You and your family are wealthy because of our democracy. Defend it!! Use your platform to do the right thing. For New York, I hope the Knicks and rangers win but we are longer fans.",analysis,
"Ha, I imagine you got a Thunder rush with ""DO YOU EVEN WATCH THE GAMES?""  Yes, we've been watching, and the Thunder are a huge reason people have been tuning out. For whatever reason Silver and the refs have been rewarding this bullshit. It would make more sense if it was for a big market, but this ref favortism doesn't make sense for a stolen team in a flyover town.",analysis,
"They definitely clipped the crowd so the boos wouldn’t seem too intense, made adjustments live (which is why you heard the boos die down randomly in this clip but it never dies down in the clip I linked). I don’t know which adjustments but considering the volume of the crowd itself didn’t change from the first phase of boos to the second, I’m guessing that yeah they did mix in some cheers",analysis,
I think there really isn't a real system built for deep playoffs run yet for your roster. Nobody expected the Spurs to reach the finals. You guys already exceeded a lot of expectations this season.,hot_take,
"The most popular Chinese nickname for Chet is **文玩**.  By itself, **文玩** usually means antique/collectible trinkets, but here it’s actually a meme abbreviation:  **文 = 文班 / Wemby**   **玩 = 玩具 / toy**  So **文玩 = Wemby’s toy**. Brutal nickname, honestly.",hot_take,
"There simply are genuinely times when ANYBODY at home could coach better. It happens a lot with football games too in the last 2/3 mins. Coaches choke and don’t handle clock management or anything right.   Mitch was full-body breaking down out there. I legit think he was having a panic attack. He wasn’t talking to anyone, was awkwardly clapping when the Knicks were hitting clutch free throws, didn’t call timeouts when he obviously should’ve… he was way out of his depth",analysis,
We need a Haliban vs Shaisis showdown again next year,reaction,
"And it’s more than that. He gets easy fucking shots cause guys can’t guard him physically. He can shoot every shot confident he’s either getting an easy shot or free throws. So it compounds on itself. He’s still a top 2 guard in the league without that shit, just cut it out. He’d literally be my favorite player if he didn’t do that shit cause I love the rest of his game so much",analysis,
Someone has a phone vid in r/PublicFreakout and yeah the broadcast turned down the boos.,reaction,
"You aren't addressing the point I am making.    There is a non-zero number of people that voted for Trump but aren't a part of the cult of personality.    Those people can be dissuaded from voting for him or for republicans again. I know a few personally, and the nuances of his approval ratings show he's already lost a lot of the demographics that gave him the victory in 2024.    It's easy to speak in black and white terms online, but it's a country of over 300 million people with gutter level education. Not every person that voted for him licks his taint every day.",analysis,
"Honestly the solution is just to put a bruiser on him and make him feel the call. You're going to get called for the foul regardless, you might as well take a pound of flesh on the way out.  Make it a bench player with nothing lose. You'll get a flagrant the first two times and he'll be clenching his cheeks on the third.",analysis,
Wearing an SGA jersey is a double hazard.   You will fall over. You will get mocked.,reaction,
"He could dribble out and get a foul. Here, he could go and box out OG seeing Wemby is on Brunson and yet he still try to go to Brunson.",hot_take,
"Because he feels that by leading the nation, he's the highest member of the military. Too bad he was too chicken shit to actually serve. Based upon everything I've seen, he for sure was/is too stupid to be an officer.",hot_take,
"When your team used to play shaq, Kobe, LeBron, KD, curry etc you would get dominated and hate them but begrudgingly respect the way they dominated you by being the best at what they do. Now you play OKC and get dominated on the flops and at the free throw line. It’s not impressive to watch or a spectacle. Mans got no aura to his game at all",analysis,
Imagine a draft dodger saluting the flag.,reaction,
"The dude looked like he was smirking because, despite the narcissism and ego, he’s an internet troll to his core.  Glad the crowd in NYC gave him the business like the national embarrassment he is.",hot_take,
In ny?!? Reluctant to boo? Lol,reaction,
"I saw another post on a conservative page that said they were cheering for him lol. Idk how anyone with a brain can support this clown. Even if you are republican how can you not see this man doesn’t give a fuck about the average American. All he cares about is his billionaire buddies, prolonging his families wealth, and Israel’s best interest.",analysis,
I mean its easy to get in rhythm when:  1. You get to go to the line  2. You get to push off  3. You get to take a breather at the line too  Like he's already fucking elite at shooting middys but he 'cheats' the system to make it easy for him when every other superstar has faded away from the basket to hit tough shots.  If Kobe just foul baited like this he'd average 40,analysis,
Doesn’t he have some innocent children to massacre? Why is he even there? What a fuckin joke..,reaction,
that's Cadet Bone Spurs to you. No way he's a fucking captain.,reaction,
"The greater threat was the 3 pointer from Brunson, with the amount of time left, you wouldn't expect there to be time for a rebound and second shot. The default move is to wind clock down and then take on last shot at it to deny them a chance to score. I was surprised at the depth and range of that shot.    Brunson taking the shot so early in the time clock and from so deep was a *to me* unexpected move. It had possibly intentional effect of pulling Wemby out to give OG a chance at the rebound/tip-in.    The luck factor was that a shot 31 feet away doesn't typically have such a soft bounce. The gifted athlete part was timing that jump and the legendary part was keeping such a soft touch when his adrenaline was at 1000x. Ask Josh Hart about it. Or Wemby.    I want Josh Hart to have a chance to get the go ahead score next game. He doesn't need it, it won't change narrative of how awesome he is or how much we love him, just got sense in that interview that he feels he let himself down. And to that I say, Mr. Hart, give yourself some credit, your rebounds won game 1, you had plenty of other clutch moments in this game, and bro, it was closing seconds of a NBA finals historic comeback.wemby choked 2 free throws and threw ball away to lose game 2.",analysis,
"I still feel it's Brunson. Even with his poor shooting in the series, he's the main focus of the Spurs defense and hitting clutch shots. He's expected to create the entire offense and his gravity is what creates lots of looks for others. OG has been great, but him getting Finals MVP would be only slightly better than when Iguodola got his.",analysis,
Man they came out of the timeout looking around like they didn’t know who they were guarding. I’m speechless,hot_take,
"Most of the things Trump does are weird and performative though, so this is completely on brand.",reaction,
He is double teamed and mike brown would tell him to shoot with 3-4 seconds left for the 2nd chance opportunity. It's a pretty standard NBA strategy.,hot_take,
Literally interrupting the anthem just to boo is insane. His approval rating must be so so bad. Never seen this before. They definitely thought this was the only safe time to show him and could sneak him by.  Maybe he shouldn't have started random unnecessary wars causing massive inflation and innocents to die.,analysis,
Knicks playing like doo doo to making everything  in the last 4 min,reaction,
Appreciate it. If y’all hold on and take it y’all deserve this. I’m going through it but we’re a team of kids who have over achieved. Y’all are a team of adult professional basketball players with years of experience who deserve this. Sad thing is I know we’re good enough to be up in this series but the reality is yall are up because yall have been better.,analysis,
It's actually a bit more interesting and probably adds to your response when you find out in the five boroughs he had the highest percentage for a Republican candidate in 2024 (30%) since 1988 and that election had a pretty well-known Republican riding Reagan's reputation.   It was also the highest number of votes for a republican since 1984.,analysis,
"The nba keeps trying to make SGA into a superstar, but the way he plays (like this) will never put him up there. He'll get the stats, he'll get the wins, but this shit is just unwatchable.",hot_take,
LMAO you win comment of the day,reaction,
This is literally the entire reason people hate on him and the Thunder as a whole. Dynatastic teams always have some haters but did people hate Steph to this degree? Lebron? No. That was aesthetically pleasing basketball. This is manipulating the refs and while it's a successful strategy it's cheap and it sucks to watch. He's a superstar he doesn't need to do this crap.,analysis,
"Yup, that's it. A mini 2 for 1 almost. I'd be interested to see the stats but it feels like the knicks have at least a 50/50 shot at the O board when wemby contests a 3",analysis,
"Good news: You are a 7'1"" young player who can ball good, great defense and you were drafted second overall. You've won the chip too.  Bad news: There's a 7'5"" player, younger than you, can shoot better than you, can defend better than you, and drafted in the same conference as you. He also hates you specifically.",analysis,
"if OG has a million fans, then i am one of them. if OG has ten fans, then i am one of them. if OG has only one fan then that is me. if OG has no fans, then that means I am no longer on earth. if the world is against OG, then I am against the world.",hot_take,
It’s pretty infuriating too. The fact they refuse to even acknowledge it and act like SGA is a victim for ALL of us being sick of this.,hot_take,
Analytically they’re going to the finals,reaction,
If he gets injured from flopping that's the consequences of his actions.   If he gets injured from something else that's fucked up.,hot_take,
People have failed to see it for years. The NFL for example muting Kaep and having the military involved constantly is an example of nationalistic dystopian bullshit.,hot_take,
"I mean, they’re young, you’re gonna take your lumps along the way. They absolutely choked this game, but even in the series they’ve had chances to win every single game down the stretch. Their inexperience is really showing in clutch situations, and De’Aaron fox being the vet doing that dumb shit is almost poetic",analysis,
Might be one of the most egregiously dirty plays I have seen. Fox should get a 2 game ban. He might be able to get it downgraded to 1 though.,hot_take,
"If he burns like 3 seconds there'd be 9 left not 2.7. I also don't think there's much of a chance to burn that much when OG is only a step behind him. Realistically if he doesn't put the layup up, there's probably 10 seconds left and having to hit 2 FT's. Higher probability he makes the layup than 2 FT's and the time difference is pretty negligible",analysis,
"Genuinely it is kinda silly more stars don't do the same considering Tom Brady has 7 rings because of the same reasoning. I know there's the idea of maximizing your earnings potential and all that, but at that level you're making so much money already.  I guess there's the part of Jalen genuinely wanting to win a chip for the Knicks whereas most of these other guys are just doing their job, and you never know if it will pay off, but glad it did for Jalen",analysis,
"Been saying it from last year’s series against denver. Injured denver took them to game 7, with all that physicality on jokic where caruso was jumping, hitting, hanging himself on jokic, he was allowed to do whatever he wanted on every defensive play but on the other side on the offense plays okc players were untouchable. Ever since it was clear nba and silver are pushing it’s agenda in favor of okc",analysis,
"That’s why the crowd cheered extra loudly for the singer at the end, to make it clear they weren’t booing him or the anthem.",hot_take,
And he’s defrauded half of the state.,reaction,
"He cant, the guy weighs like 80 lbs.",reaction,
generational hate watch day let’s gooo,reaction,
"I grew up a Mavs fan but lived in OKC when the Thunder came to town through 2024. It was always a total nightmare. The team, and players, can do no wrong. They win and they’re the best ever. They lose and they just complain about everyone else. Especially the refs. I could retire if I got a nickel every time I heard someone say “crybaby Luka” after every playoff loss to Dallas.",analysis,
Diaper boy playing Army again. He is a civilian US Flag Code says stand with hand over heart. FLOTUS prick!,hot_take,
"&gt; dog Chet  This insult seems so obvious in retrospect and yet, I don’t think I’ve seen anybody use it yet. I myself feel like I’m dumb for not thinking of it first. I guess maybe this gives more credence to the argument from oldheads that fundamental moves only seem obvious and easy once they’ve already been invented. Being the first one to invent something before it exists is why the guys who played against “plumbers and milkmen” should be respected more.",analysis,
"As a Mavs fan I've cheered the Knicks as my secondary team since you guys got brunson, but I also fucking hate the spurs. True Mavs fans stand with Knicks fans and that was a complete bat shit crazy experience to watch",hot_take,
Very true. Your point was correct as well. I was actually a bit shocked the numbers were that high myself,hot_take,
Jeff Epstein? With the island?,reaction,
"Him, Randle, Barrett, IQ, Rose (yeah………that one is tough to swallow) etc. Without them, we don’t have this hopefully soon-to-be championship team",hot_take,
They went back to their echo chamber to construct new narratives for why this playstyle doesn't suck,hot_take,
"I genuinely want to believe that the actual gameplan was to draw out Wemby as deep as possible, with Brunson's objective to heave up a high-arc shot. The rest of the team crash the boards and take advantage of KAT's mismatch for a rebound.  OG's play was a fun side-effect and probably the 3rd most probable outcome after KAT rebounding and Brunson actually hitting the shot.",analysis,
It's just so that no one can see who they really are and what they believe. RES used to let you tag these kinds of people but the API change fiddled that. Reddit doesn't want you to see behind the scenes.   Wizard of Oz and the man behind the curtain,hot_take,
"Not mine, but there was a great piece:  American sports fans: De-fence! De-fence!  British sports fans: All right lads, I've just worked up a song to the tune of Debussy's Clair De Lune about an opposing player's drunk driving charge, I'll count us off...  NYC hates Donald Trump for good reasons. Shame there was only boos.",analysis,
They went the final 7:02 of the third quarter with 1 bucket. Literally nothing but free throws otherwise lol,hot_take,
"Well if they didn't, president 80 year old toddler would throw a tantrum and sue them for a trillion dollars.",hot_take,
Told y’all even the rich don’t fuck with this asshole in NY,reaction,
"I also love the crowd giving major applause to the singer later in the anthem so this loser cant spin it as ""the radical left liberals were booing the national anthem""   Edit: Yes, I know the loser president is going to say what he wants. I happen to think optics still matter when it comes to the people who voted for him that are currently second guessing their decision and leaving the party.    To every defeatist who thinks it's too late, I know damn well every one of you is still going to show up at the polls this November. Posing as a doomer on reddit doesn't make you look cool, it makes you look like Trump's bitch.",analysis,
"I mean, only in the sense that one of my Spurs teams has provided me with steady entertainment, some truly wonderful moments, and brief periods of disappointment; while the other Spurs team tries to kill me every week.",hot_take,
I been tryna say these guys are a lot different from the Lakers rich crowd,reaction,
Definitely should have held that ball wtf.,reaction,
"Won’t say this often, but thank you Knicks fans. Expected it to be tame since only the super rich can afford this game, but well done",hot_take,
"“Cry more”  \-Thunder fan, probably",reaction,
the fact that anyone can see something like this and then claim sga doesn’t flop is absurd,reaction,
Thats the whole point of the commissioner. He's a mouth piece for the owners so they don't take the backlash.,hot_take,
Nothing better than watching an all-time play happen live. What a moment for the Knicks.,reaction,
"This.  I'd fallen for the Apprentice narrative, but then when I was living/working in NYC, any business person or Wall Street broker or banker or whatever I met knew he was a total clown.  The only ones that purposely interacted with him were the ones in on the scams.  Even by mafia standards he was tainted, and known to be a coward.  All proven true.  Only thing missing was the pedo stuff.",analysis,
"No, particularly when he’s not only never served, but was a draft dodger.  You also don’t salute unless you are in uniform.  He’s also mocked US POWs and said that the award he gives civilians is “equivalent but superior” to the Medal of Honor because Medal of Honor recipients are ""either in very bad shape because they've been hit so many times by bullets or they're dead”  The guy is a straight up grifter who started a war to take the heat off the Epstein files",analysis,
"I'm glad in a world so divided about everything, we can all agree who the real basketball terrorists are.",hot_take,
